"HMDBID","KEGGID","Name"
"HMDB0029683","C10759","(15:3)-Anacardic acid"
NA,NA,"(2-oxo-2,3-dihydro-1H-indol-3-yl)acetic acid"
"HMDB0248946","D01594","[(1-Benzyl-1H-indazol-3-yl)oxyacetic acid"
"HMDB0002123","C16361","1,3,7-Trimethyluric acid"
"HMDB0245045","C02497","1,4-Butynediol"
"HMDB0002712","C07326","1,5-Anhydrosorbitol"
"HMDB0011103","C16356","1,7-Dimethyluric acid"
"HMDB0244272","D07666","10-Hydroxydecanoic acid"
"HMDB0000328",NA,"12-Ketodeoxycholic acid"
NA,NA,"13-Hydroxy-9Z,11E-octadecadienoic acid"
NA,NA,"1-Methylpseudouridine"
"HMDB0010738","C16358","1-Methylxanthine"
"HMDB0245045","C02497","1-Palmitoyl-2-hydroxy-sn-glycero-3-phospho-(1-rac-glycerol)"
"HMDB0244272","C02774","2,3-Dihydroxybenzoic acid A"
"HMDB0001370","C00666","2,6-Diaminopimelic acid"
"HMDB0240311","C06342","2,8-Quinolinediol"
NA,NA,"2-[4-(Acetylamino)phenyl-4-quinolinecarboxylic acid"
NA,NA,"2-{[2-Hydroxy-1,1-bis(hydroxymethyl)ethylammonio}ethanesulfonate"
"HMDB0060374","C05353","2-Amino-3-methoxybenzoic acid"
"HMDB0060374","C05831","2-Aminonicotinic acid"
NA,"C01987","2-Aminophenol"
"HMDB0000014","C00881","2-Deoxycytidine"
"HMDB0003224","C01801","2-Deoxyribose"
"HMDB0000012","C00526","2-Deoxyuridine"
NA,NA,"2-Dodecoxyethyl hydrogen sulfate"
"HMDB0034170","C06202","2-Hydroxybenzaldehyde"
"HMDB0002641","C01772","2-Hydroxycinnamic acid"
"HMDB0000729",NA,"2-Hydroxyisobutyric acid"
"HMDB0059710",NA,"2-Hydroxynicotinic acid"
"HMDB0031057",NA,"2-Hydroxypalmitic acid"
"HMDB0000669","C05852","2-Hydroxyphenylacetic acid"
NA,"C06338","2-Hydroxyquinoline"
NA,"C06338","2-Ketogluconic acid"
"HMDB0000422",NA,"2-Methylglutaric acid"
"HMDB0000783",NA,"2-Propanamidoacetic acid"
NA,"C06473","3-(1-Pyrazolyl)-alanine"
"HMDB0000375","C11457","3-(3-Hydroxyphenyl)propionic acid"
"HMDB0000397","C00196","3-(Hydroxymethyl)phenol"
"HMDB0001856","C00230","3,4-Dihydroxybenzoic acid"
"HMDB0001336","C01161","3,4-Dihydroxyphenylacetic acid"
NA,"C01162","3-[3-Tert-butylsulfanyl-1-[(4-chlorophenyl)methyl-5-propan-2-ylindol-2-yl-2,2-dimethylpropanoic acid"
"HMDB0061112",NA,"3-Carboxy-4-methyl-5-propyl-2-furanpropionic acid"
NA,NA,"3-Deoxyuridine"
"HMDB0000428",NA,"3-Hydroxyglutaric acid"
"HMDB0000440","C05593","3-Hydroxyphenylacetic acid"
"HMDB0000700","C01013","3-Hydroxypropanoic acid"
"HMDB0000197","C00954","3-Indoleacetic acid"
"HMDB0002302",NA,"3-Indolepropionic acid"
"HMDB0059712","C03351","3-Isochromanone"
"HMDB0000555",NA,"3-Methyladipic acid"
"HMDB0000752",NA,"3-Methylglutaric acid"
"HMDB0000479","C01152","3-Methylhistidine"
"HMDB0006038",NA,"3-O-Methylguanosine"
NA,NA,"3-O-Methyluridine"
NA,NA,"4,5,7-Trihydroxyisoflavone"
NA,"C07728","4,6-Dihydroxypyrimidine"
"HMDB0061881","C02129","4-Acetylbutyric acid"
"HMDB0000500","C00156","4-Hydroxybenzoic acid"
"HMDB0013678",NA,"4-Hydroxyhippuric acid"
"HMDB0061881","C02129","4-Hydroxymandelonitrile"
"HMDB0246466","C00650","4-Hydroxyquinoline"
"HMDB0035268","C06578","4-Isopropylbenzoic acid"
"HMDB0246466","C06343","4-Pregnen-17.alpha., 20.alpha.-diol-3-one"
"HMDB0000017","C00847","4-Pyridoxic acid"
"HMDB0246588",NA,"4-Thiouridine"
"HMDB0011653","C04518","5-(Acetylamino)-2-hydroxybenzoic acid"
"HMDB0014389","C07138","5-Aminosalicylic acid"
"HMDB0000472","C00643","5-Hydroxytryptophan"
"HMDB0000982",NA,"5-Methylcytidine"
"HMDB0000884",NA,"5-Methyluridine"
NA,NA,"6,6-Dihydroxy-5,5-dimethoxybiphenyl-3,3-dicarboxylic acid"
"HMDB0030819","C09263","6,7-Dihydroxycoumarin"
"HMDB0033585",NA,"6-Methyl-1,2,3-oxathiazin-4(3H)-one 2,2-dioxide"
"HMDB0003217","C06563","8-(3-Octyl-2-oxiranyl)octanoic acid"
"HMDB0004704","C14828","9,10-Dihydroxy-12Z-octadecenoic acid"
"HMDB0035140","C06082","Abscisic acid"
"HMDB0247933","C03248","Acetylenedicarboxylic acid"
"HMDB0000072","C00417","Aconitic acid"
"HMDB0000034","C00147","Adenine"
"HMDB0000448","C06104","Adipic acid"
"HMDB0003459","C00993","Ala-Ala"
"HMDB0028690",NA,"Ala-Ile"
"HMDB0028691",NA,"Ala-Leu"
"HMDB0000161","C00041","Alanine"
"HMDB0028700",NA,"Ala-Val"
"HMDB0014659","C01779","Albendazole"
"HMDB0002404",NA,"alpha-Hydroxyhippuric acid"
"HMDB0033896",NA,"Anacardic acid diene"
"HMDB0000646","C02479","Arabinose"
"HMDB0000568","C01904","Arabitol"
NA,NA,"Arachidonyl dopamine"
"HMDB0000517","C00062","Arginine"
"HMDB0000168","C00152","Asparagine"
"HMDB0000191","C00049","Aspartic acid"
"HMDB0000706",NA,"Asp-Phe"
"HMDB0001870","C00539","Benzoic acid"
NA,"C18347","Benzylsuccinic acid"
"HMDB0000754","C20827","beta-Hydroxyisovaleric acid"
"HMDB0010731",NA,"beta-Hydroxymyristic acid"
"HMDB0000808",NA,"Butyrylglycine"
"HMDB0247617","C19418","Carboxyibuprofen"
"HMDB0000033","C00386","Carnosine"
NA,"C12271","Cellobiose B"
NA,"C07966","Cerivastatin"
"HMDB0002586",NA,"Chenodeoxycholic acid 3-sulfate"
"HMDB0000653","C18043","Cholesterol 3-sulfate"
"HMDB0000619","C00695","Cholic acid"
"HMDB0000634","C02226","Citraconic acid"
"HMDB0000904","C00327","Citrulline"
"HMDB0141782","C02666","Coniferylaldehyde"
"HMDB0250451","C08431","Cordycepin"
"HMDB0000015","C05488","Cortodoxone"
"HMDB0000562","C00791","Creatinine"
"HMDB0031340","C02824","Cyclohexanesulfamic acid"
"HMDB0002757","C00506","Cysteic Acid"
"HMDB0000089","C00475","Cytidine"
"HMDB0000095","C00055","Cytidine-5-monophosphate"
"HMDB0003312","C10208","Daidzein"
NA,"C13154","Dehydrocholic acid"
"HMDB0001032","C04555","Dehydroepiandrosterone sulfate"
"HMDB0038457","C16952","Dihydrocapsaicin"
"HMDB0000528","C00337","Dihydroorotic acid"
"HMDB0000623","C02678","Dodecanedioic acid"
"HMDB0251662","C13776","E-4031"
"HMDB0006101","C18165","Enterolactone"
"HMDB0001871","C09727","Epicatechin"
"HMDB0013230",NA,"Epitestosterone sulfate"
"HMDB0031233",NA,"Ethyl sulfate"
NA,NA,"Ethyl-beta-glucuronide"
"HMDB0000622",NA,"Ethylmalonic acid"
"HMDB0015108","D01966","Ezetimibe"
"HMDB0000055","C06422","FAHFA 36:2"
"HMDB0000954","C01494","Ferulic acid"
"HMDB0001248","C00016","Flavin adenine dinucleotide"
"HMDB0000565","C00880","Galactonic acid"
"HMDB0000112","C00334","gamma-Aminobutyric acid"
"HMDB0011171",NA,"gamma-Glutamylleucine"
"HMDB0034367",NA,"gamma-Glutamylmethionine"
"HMDB0011741",NA,"gamma-Glutamyltyrosine"
"HMDB0000152","C00628","Gentisinic acid"
"HMDB0141782","C02666","Ginkgolic acid I"
NA,"C08431","Ginkgolic acid II"
"HMDB0000122","C00221","Glucose"
"HMDB0000252","C00319","Glucuronic acid A"
"HMDB0000528","C00337","Glucuronic acid B"
"HMDB0000148","C00025","Glutamic acid"
"HMDB0000641","C00064","Glutamine"
"HMDB0000661","C00489","Glutaric acid"
"HMDB0028829",NA,"Glu-Thr"
NA,NA,"Glu-Val-Phe"
"HMDB0001051","C02154","Glyceraldehyde"
"HMDB0000139","C00258","Glyceric acid"
"HMDB0000138","C01921","Glycocholic acid"
"HMDB0000631","C05464","Glycodeoxycholic acid"
"HMDB0028853",NA,"Gly-Tyr"
NA,NA,"Gly-Tyr-Ala"
"HMDB0000132","C00242","Guanine"
"HMDB0000133","C00387","Guanosine"
NA,NA,"Guanosine-3,5-cyclic monophosphate"
"HMDB0253041","D07202","Halometasone"
"HMDB0033897","C10794","Histamine-trifluoromethyltoluide"
"HMDB0000177","C00135","Histidine"
"HMDB0000130","C00544","Homogentisic acid"
"HMDB0000719","C00263","Homoserine"
"HMDB0000118","C05582","Homovanillic acid"
"HMDB0000157","C00262","Hypoxanthine"
"HMDB0028910",NA,"Ile-Ile"
"HMDB0000671","C02043","Indolelactic acid"
"HMDB0000682",NA,"Indoxyl sulfate"
"HMDB0000195","C00294","Inosine"
"HMDB0000172","C00407","Isoleucine"
NA,NA,"Isomaltose A"
"HMDB0002655","C10084","Isorhamnetin"
"HMDB0000704","C03975","Isoxanthopterin"
"HMDB0005801","C05903","Kaempferol"
NA,NA,"Ketoisovaleric acid"
"HMDB0000715","C01717","Kynurenic acid"
"HMDB0000127","C00191","Lactose A"
"HMDB0000740","C07064","Lactulose"
"HMDB0028925",NA,"Leu-Asp"
"HMDB0000127","C00191","Levocetirizine"
"HMDB0029519","C09762","Liquiritigenin"
"HMDB0000684","C00328","L-Kynurenine"
"HMDB0001314","C00942","LPE 14:0"
NA,"D07202","LPE 18:1"
NA,NA,"LPG 15:0"
NA,NA,"LPI 16:0"
"HMDB0000182","C00047","Lysine"
"HMDB0000176","C01384","Maleic acid"
"HMDB0000156","C03668","Malic acid"
"HMDB0001262","C01835","Maltotriose"
"HMDB0000765","C00392","Mannitol"
NA,NA,"Methioninesulfoxide"
"HMDB0002923","C00252","Methyl-4-hydroxy-3-methoxybenzoate"
"HMDB0000202","C02170","Methylmalonic acid"
"HMDB0003254","C06470","Muramic acid"
"HMDB0000019","C00141","N-2-Fluorenylacetamide"
"HMDB0000812","C01042","N-Acetylaspartic acid"
"HMDB0000215","C00140","N-Acetyl-D-glucosamine"
"HMDB0000215","C00140","N-Acetylglucosamine"
"HMDB0001138","C00624","N-Acetylglutamic acid"
"HMDB0000532",NA,"N-Acetylglycine"
"HMDB0032055","C02997","N-Acetylhistidine"
"HMDB0011756","C02710","N-Acetylleucine"
"HMDB0011745","C02712","N-Acetylmethionine"
"HMDB0000230","C19910","N-Acetylneuraminic acid"
"HMDB0000512","C03519","N-Acetylphenylalanine"
"HMDB0002931",NA,"N-Acetylserine"
"HMDB0001238","C00978","N-Acetylserotonin"
"HMDB0013713",NA,"N-Acetyltryptophan"
"HMDB0002927","C09789","Naringin"
"HMDB0000186","C00243","N-Carbobenzyloxyleucine"
"HMDB0011621",NA,"N-Cinnamoylglycine"
"HMDB0000206","C02727","N-epsilon-Acetyllysine"
"HMDB0002368","C08323","Nervonic acid"
"HMDB0240226","D07402","N-Formylmethionine"
"HMDB0001488","C00253","Nicotinic acid"
"HMDB0000730",NA,"N-Isobutyrylglycine"
"HMDB0000678",NA,"N-Isovalerylglycine"
"HMDB0014649","D02486","Nitazoxanide"
"HMDB0014723","C07270","Nizatidine"
"HMDB0094692","C02721","N-Methylalanine"
"HMDB0029519","C09762","N-Methylanthranilic acid"
"HMDB0062660","C01046","N-Methylglutamic acid"
NA,NA,"N-Methylisoleucine"
"HMDB0029224",NA,"N-Methylphenylalanine"
NA,NA,"N-Methylserine"
NA,NA,"N-Methyltyrosine"
"HMDB0002005","C02989","N-Methylvaline"
"HMDB0000216","C00547","Norepinephrine"
"HMDB0001879","C01405","O-Acetylsalicylic acid"
"HMDB0000782",NA,"Octadecanedioic acid"
"HMDB0000207","C00712","Oleic acid"
"HMDB0014420","D01204","Olmesartan"
"HMDB0001913","C07324","Omeprazole"
"HMDB0015215","D04028","Orlistat"
"HMDB0000214","C00077","Ornithine"
"HMDB0000226","C00295","Orotic acid"
"HMDB0255868","C01118","O-Succinylhomoserine"
"HMDB0244967","C02778","Otenzepad"
"HMDB0015126","C07356","Oxaprozin"
"HMDB0014980","C07359","Oxazepam"
"HMDB0000220","C00249","Palmitic acid"
"HMDB0005017","C11806","Pantoprazole"
NA,NA,"PE-Cer 23:3;2O/18:2;O"
"HMDB0014444","C07417","Penciclovir"
NA,"C04335","PG O-18:2_11:0"
"HMDB0006344","C04148","Phenylacetylglutamine"
"HMDB0000159","C00079","Phenylalanine"
"HMDB0001015","C03145","Phenyl-beta-glucopyranoside"
"HMDB0003306","C00774","Phloretin"
NA,NA,"Phlorobenzophenone"
"HMDB0002107","C01606","Phthalic acid"
"HMDB0030564","C10275","Piceid"
"HMDB0002039","C11118","Pizotifen"
"HMDB0000162","C00148","Proline"
"HMDB0006695",NA,"Proline-hydroxyproline"
"HMDB0000237","C00163","Propionic acid"
"HMDB0000767","C02067","Pseudouridine"
"HMDB0001366","C15587","Purine"
"HMDB0001431","C00534","Pyridoxamine"
"HMDB0000239","C00314","Pyridoxine"
"HMDB0000267","C01879","Pyroglutamic acid"
"HMDB0004230","C05942","Pyrrole-2-carboxylic acid"
"HMDB0000243","C00022","Pyruvic acid"
"HMDB0003072","C00296","Quinic acid"
"HMDB0032609","C03005","Ribose A"
"HMDB0014878","C07937","Riluzole"
"HMDB0000939","C00021","S-Adenosyl-homocysteine"
"HMDB0001895","C00805","Salicylic acid"
"HMDB0000187","C00716","Serine"
"HMDB0029052",NA,"Ser-Val"
NA,"C11166","Sodium lauryl sulfate"
"HMDB0001266","C08356","Sorbose"
"HMDB0014787","C07312","Stavudine"
"HMDB0000258","C00089","Sucrose"
"HMDB0002085","C10833","Syringic acid"
"HMDB0000251","C00245","Taurine"
"HMDB0000036","C05122","Taurocholic acid"
"HMDB0000943","C01620","Threonic acid"
"HMDB0000167","C00188","Threonine"
"HMDB0000273","C00214","Thymidine"
"HMDB0001227","C00364","Thymidine-5-monophosphate"
NA,"D02851","Tomelukast"
"HMDB0014608","C07062","Toradol"
"HMDB0014359","D00382","Torasemide"
"HMDB0000158","C00082","Tyrosine"
"HMDB0029117",NA,"Tyr-Tyr"
"HMDB0000300","C00106","Uracil"
"HMDB0000883","C00183","Valine"
"HMDB0029140",NA,"Val-Val"
"HMDB0029134",NA,"Valylphenylalanine"
"HMDB0000484","C06672","Vanillic acid"
"HMDB0012308","C00755","Vanillin"
"HMDB0015000","D08668","Vardenafil"
"HMDB0014681","C07204","Vincristine"
"HMDB0259858","C01460","Vitexin"
NA,"C03584","Willardiine"
"HMDB0000292","C00385","Xanthine"
"HMDB0000299","C01762","Xanthosine"
"HMDB0000098","C00181","Xylose"
"HMDB0032702","C14752","Zeranol"
"HMDB0000244","C00255","Riboflavin"
NA,NA,"1-(Benzo[d[1,3dioxol-4-yl)-2-(ethylamino)propan-1-one"
"HMDB0002322","C01672","1,5-Pentanediamine"
NA,NA,"1-Hexadecylpyridinium cation"
"HMDB0011503",NA,"1-palmitoyl-2-hydroxy-sn-glycero-3-phosphoethanolamine"
"HMDB0010384","C04230","1-Stearoyl-2-hydroxy-sn-glycero-3-phosphocholine"
"HMDB0000071","C05512","2-Deoxyinosine"
NA,NA,"3-(Hydroxymethyl)-6,7-dimethylquinolin-2-ol"
NA,NA,"4-Hydroxyquinoline-2-carbaldehyde"
"HMDB0032985","C04294","4-Methyl-5-thiazoleethanol"
"HMDB0039353","C10796","alpha-Chaconine"
"HMDB0028713",NA,"Arg-Leu"
NA,NA,"Benzyldimethyltetradecylammonium cation"
"HMDB0000619","C00695","Cholic Acid"
"HMDB0000097","C00114","Choline cation"
"HMDB0005038","C07572","Citalopram"
"HMDB0031404","C00571","Cyclohexylamine"
NA,NA,"D-erythro-N-stearoylsphingosine"
"HMDB0015102","D03693","Desloratadine"
"HMDB0000579",NA,"Deuteroporphyrin IX"
NA,NA,"Ethylhexadecyldimethylammonium cation"
NA,NA,"Eutylone"
"HMDB0028800",NA,"Gln-Ile"
"HMDB0028844",NA,"Gly-Ile"
"HMDB0028854",NA,"Gly-Val"
"HMDB0001842","C17349","Guanidine"
"HMDB0000668",NA,"Hematoporphyrin"
NA,"C03097","Heptadecasphinganine"
"HMDB0000870","C00388","Histamine"
NA,"C06356","Indole-6-carboxaldehyde"
"HMDB0256623","D05523","Lidocaine-N-Oxide"
"HMDB0000172","C00407","L-Isoleucine"
"HMDB0000761","C03990","Lithocholic acid"
"HMDB0000159","C00079","L-Phenylalanine"
"HMDB0000158","C00082","L-Tyrosine"
"HMDB0000883","C00183","L-Valine"
"HMDB0037138","C00897","Maltose"
"HMDB0002379",NA,"Mesoporphyrin IX"
"HMDB0001921","C07151","Metformin"
"HMDB0000696","C00073","Methionine"
"HMDB0001020","C02846","N,N-Dimethylaniline"
NA,"C18956","N-Acetyldihydrosphingosine"
"HMDB0001488","C00253","Nicotinate"
NA,"C06338","N-Methyl-2-pyrrolidone"
"HMDB0003633","C02442","N-Methyltyramine"
"HMDB0029586",NA,"n-Octadecylamine"
"HMDB0060540",NA,"Norverapamil"
"HMDB0240311","C06342","O-Benzyl-L-serine"
"HMDB0000222","C02990","Palmitoyl-L-carnitine"
"HMDB0000210","C00864","Pantothenic acid"
"HMDB0256205","C10830","Peimine"
"HMDB0012275","C05332","Phenylethylamine"
"HMDB0029377","C03882","Piperine"
NA,"C18956","Promecarb"
NA,"C11166","Quinolin-2-ol"
NA,NA,"Quinoline-2,6-diol"
NA,"D02851","Quinoline-2,8-diol"
NA,NA,"Roquefortine A"
"HMDB0005010","C07246","Sertraline"
"HMDB0003236","C06543","Solanidine"
"HMDB0013078",NA,"Stearoyl ethanolamide"
"HMDB0301980","C01460","TAG 39:3"
"HMDB0001889","C07130","Theophylline"
"HMDB0029065",NA,"Thr-Leu"
"HMDB0034731","C10826","Tomatidine"
"HMDB0030388","C16431","trans-Zeatin"
"HMDB0259220","C03584","Trihydroxycholestanoic acid"
"HMDB0000303","C00398","Tryptamine"
"HMDB0000929","C00078","Tryptophan"
"HMDB0000306","C00483","Tyramine"
