"HMDBID","KEGGID","Name","FC","Pvalue","FDR","TestMethod","Paired"
"HMDB0002927","C09789","Naringin",0.863826649101004,0.00244044203124949,0.366356297604296,"Mann每Whitney U test","No"
"HMDB0000072","C00417","Aconitic acid",1.19689086302322,0.00494285614301654,0.366356297604296,"Mann每Whitney U test","No"
"HMDB0253041","D07202","Halometasone",0.827964461582865,0.00494285614301654,0.366356297604296,"Mann每Whitney U test","No"
"HMDB0000267","C01879","Pyroglutamic acid",1.11476203508557,0.00567169114436976,0.366356297604296,"Mann每Whitney U test","No"
"HMDB0000765","C00392","Mannitol",1.07019629955,0.00625675829462631,0.366356297604296,"Mann每Whitney U test","No"
"HMDB0094692","C02721","N-Methylalanine",1.09839707879893,0.00625675829462631,0.366356297604296,"Mann每Whitney U test","No"
"HMDB0000148","C00025","Glutamic acid",1.08301024526581,0.00689380129900557,0.366356297604296,"Mann每Whitney U test","No"
"HMDB0002322","C01672","1,5-Pentanediamine",1.09443227912107,0.00956569473773092,0.427469787732917,"Mann每Whitney U test","No"
"HMDB0062660","C01046","N-Methylglutamic acid",1.11518347076083,0.0143558093998384,0.427469787732917,"Mann每Whitney U test","No"
NA,NA,"3-O-Methyluridine",1.17487366379491,0.014480206712,0.427469787732917,"Mann每Whitney U test","No"
"HMDB0002641","C01772","2-Hydroxycinnamic acid",1.09614106268597,0.018555655701504,0.427469787732917,"Mann每Whitney U test","No"
"HMDB0000729",NA,"2-Hydroxyisobutyric acid",1.08707772043824,0.018555655701504,0.427469787732917,"Mann每Whitney U test","No"
"HMDB0000671","C02043","Indolelactic acid",1.14418089765938,0.0189598321556072,0.427469787732917,"Mann每Whitney U test","No"
"HMDB0002931",NA,"N-Acetylserine",1.1130946527339,0.019931255618524,0.427469787732917,"Mann每Whitney U test","No"
NA,NA,"6,6-Dihydroxy-5,5-dimethoxybiphenyl-3,3-dicarboxylic acid",0.946815610547691,0.0201695703095607,0.427469787732917,"Mann每Whitney U test","No"
"HMDB0000139","C00258","Glyceric acid",1.10957402696212,0.0201695703095607,0.427469787732917,"Mann每Whitney U test","No"
"HMDB0030388","C16431","trans-Zeatin",0.84971106288308,0.0201695703095607,0.427469787732917,"Mann每Whitney U test","No"
NA,NA,"2-{[2-Hydroxy-1,1-bis(hydroxymethyl)ethylammonio}ethanesulfonate",1.1723263442523,0.0206840219870766,0.427469787732917,"Mann每Whitney U test","No"
"HMDB0000112","C00334","gamma-Aminobutyric acid",1.25877030735008,0.0237558665894932,0.449263575080333,"Mann每Whitney U test","No"
"HMDB0001370","C00666","2,6-Diaminopimelic acid",1.21705681507708,0.0241539556494803,0.449263575080333,"Mann每Whitney U test","No"
"HMDB0001238","C00978","N-Acetylserotonin",1.08105659680387,0.0270687102289011,0.450655974096666,"Mann每Whitney U test","No"
NA,"C07728","4,6-Dihydroxypyrimidine",1.14242029162894,0.0301325650526861,0.450655974096666,"Mann每Whitney U test","No"
"HMDB0002923","C00252","Methyl-4-hydroxy-3-methoxybenzoate",1.05548431908856,0.0302647713133442,0.450655974096666,"Mann每Whitney U test","No"
"HMDB0015102","D03693","Desloratadine",1.0740861544622,0.0313912514456357,0.450655974096666,"Mann每Whitney U test","No"
NA,"C06338","2-Hydroxyquinoline",1.16732362468094,0.0325524395836438,0.450655974096666,"Mann每Whitney U test","No"
"HMDB0000252","C00319","Glucuronic acid A",1.0733723896253,0.0325524395836438,0.450655974096666,"Mann每Whitney U test","No"
"HMDB0001871","C09727","Epicatechin",0.850606070291926,0.0350265918033091,0.450655974096666,"Mann每Whitney U test","No"
NA,NA,"13-Hydroxy-9Z,11E-octadecadienoic acid",0.887908990135224,0.0351317829268907,0.450655974096666,"Mann每Whitney U test","No"
"HMDB0061881","C02129","4-Acetylbutyric acid",1.07189814023208,0.0351317829268907,0.450655974096666,"Mann每Whitney U test","No"
"HMDB0000682",NA,"Indoxyl sulfate",1.12743658284361,0.0404037135735001,0.474299259122308,"Mann每Whitney U test","No"
"HMDB0003224","C01801","2-Deoxyribose",1.0856626086613,0.0407999362685856,0.474299259122308,"Mann每Whitney U test","No"
NA,"C18956","N-Acetyldihydrosphingosine",1.10970658715142,0.0407999362685856,0.474299259122308,"Mann每Whitney U test","No"
"HMDB0000565","C00880","Galactonic acid",1.1303672379224,0.0439046016106183,0.480367994092647,"Mann每Whitney U test","No"
"HMDB0000226","C00295","Orotic acid",1.1585310642288,0.0439046016106183,0.480367994092647,"Mann每Whitney U test","No"
"HMDB0010738","C16358","1-Methylxanthine",1.03915973213155,0.0472004147639615,0.497251096802127,"Mann每Whitney U test","No"
"HMDB0000783",NA,"2-Propanamidoacetic acid",1.08076688651781,0.0481210738840768,0.497251096802127,"Mann每Whitney U test","No"
"HMDB0013078",NA,"Stearoyl ethanolamide",1.07739957231217,0.0543988603442348,0.539829744077077,"Mann每Whitney U test","No"
"HMDB0000220","C00249","Palmitic acid",1.04969135168495,0.0551438985885186,0.539829744077077,"Mann每Whitney U test","No"
"HMDB0000186","C00243","N-Carbobenzyloxyleucine",1.08182673151177,0.0589126481497844,0.558009745000811,"Mann每Whitney U test","No"
"HMDB0244272","D07666","10-Hydroxydecanoic acid",1.07304952968379,0.0624627216953744,0.558009745000811,"Mann每Whitney U test","No"
"HMDB0255868","C01118","O-Succinylhomoserine",1.06640973299466,0.0624627216953744,0.558009745000811,"Mann每Whitney U test","No"
"HMDB0004230","C05942","Pyrrole-2-carboxylic acid",1.08066393690374,0.063001100242027,0.558009745000811,"Mann每Whitney U test","No"
NA,"C06356","Indole-6-carboxaldehyde",1.08157342881407,0.0668406561814097,0.564173084476137,"Mann每Whitney U test","No"
"HMDB0031340","C02824","Cyclohexanesulfamic acid",1.25701014245983,0.0717617281606316,0.564173084476137,"Mann每Whitney U test","No"
"HMDB0014681","C07204","Vincristine",0.92194975585287,0.0739988286020526,0.564173084476137,"Mann每Whitney U test","No"
"HMDB0006695",NA,"Proline-hydroxyproline",1.13316697123137,0.0740720066686934,0.564173084476137,"Mann每Whitney U test","No"
"HMDB0015108","D01966","Ezetimibe",0.892148274198552,0.0763317873608978,0.564173084476137,"Mann每Whitney U test","No"
"HMDB0001051","C02154","Glyceraldehyde",1.04671474983768,0.0763317873608978,0.564173084476137,"Mann每Whitney U test","No"
"HMDB0012275","C05332","Phenylethylamine",1.07478699393813,0.0763317873608978,0.564173084476137,"Mann每Whitney U test","No"
"HMDB0038457","C16952","Dihydrocapsaicin",0.824382738702652,0.0789674165935357,0.564173084476137,"Mann每Whitney U test","No"
"HMDB0000197","C00954","3-Indoleacetic acid",1.12303475434718,0.0814623853552557,0.564173084476137,"Mann每Whitney U test","No"
"HMDB0000292","C00385","Xanthine",1.02678025577688,0.0814623853552557,0.564173084476137,"Mann每Whitney U test","No"
"HMDB0246588",NA,"4-Thiouridine",1.13733283807145,0.0814808060301402,0.564173084476137,"Mann每Whitney U test","No"
"HMDB0244272","C02774","2,3-Dihydroxybenzoic acid A",1.06329410663941,0.0868613309130292,0.564173084476137,"Mann每Whitney U test","No"
"HMDB0000428",NA,"3-Hydroxyglutaric acid",1.19602467871099,0.0868613309130292,0.564173084476137,"Mann每Whitney U test","No"
"HMDB0246466","C00650","4-Hydroxyquinoline",1.07707227737511,0.0868613309130292,0.564173084476137,"Mann每Whitney U test","No"
"HMDB0000244","C00255","Riboflavin",1.03108420656538,0.0868613309130292,0.564173084476137,"Mann每Whitney U test","No"
"HMDB0035268","C06578","4-Isopropylbenzoic acid",0.871024694286632,0.0894628470073277,0.564173084476137,"Mann每Whitney U test","No"
"HMDB0000884",NA,"5-Methyluridine",0.86279522799031,0.0894790644733659,0.564173084476137,"Mann每Whitney U test","No"
"HMDB0000191","C00049","Aspartic acid",1.10637453681057,0.0984985713149445,0.581610611573958,"Mann每Whitney U test","No"
"HMDB0000661","C00489","Glutaric acid",1.0342075397569,0.0984985713149445,0.581610611573958,"Mann每Whitney U test","No"
"HMDB0000177","C00135","Histidine",1.05389878338731,0.0984985713149445,0.581610611573958,"Mann每Whitney U test","No"
"HMDB0000156","C03668","Malic acid",1.21433903194382,0.0984985713149445,0.581610611573958,"Mann每Whitney U test","No"
"HMDB0006038",NA,"3-O-Methylguanosine",1.08425629593895,0.101089382575253,0.58758203621866,"Mann每Whitney U test","No"
"HMDB0000754","C20827","beta-Hydroxyisovaleric acid",1.04664780995872,0.104753938513155,0.590337263767958,"Mann每Whitney U test","No"
"HMDB0000222","C02990","Palmitoyl-L-carnitine",1.08062492306789,0.104753938513155,0.590337263767958,"Mann每Whitney U test","No"
"HMDB0000122","C00221","Glucose",1.03927572679954,0.111311760195797,0.590337263767958,"Mann每Whitney U test","No"
"HMDB0000532",NA,"N-Acetylglycine",1.09108961204002,0.111311760195797,0.590337263767958,"Mann每Whitney U test","No"
"HMDB0028800",NA,"Gln-Ile",0.951247251284334,0.111311760195797,0.590337263767958,"Mann每Whitney U test","No"
"HMDB0000808",NA,"Butyrylglycine",1.05900583410582,0.118180156616396,0.590337263767958,"Mann每Whitney U test","No"
"HMDB0014420","D01204","Olmesartan",0.795030246501176,0.118180156616396,0.590337263767958,"Mann每Whitney U test","No"
"HMDB0014980","C07359","Oxazepam",0.898570606512342,0.118180156616396,0.590337263767958,"Mann每Whitney U test","No"
NA,"C03097","Heptadecasphinganine",1.05379839433819,0.118180156616396,0.590337263767958,"Mann每Whitney U test","No"
"HMDB0256205","C10830","Peimine",0.884973237236564,0.118180156616396,0.590337263767958,"Mann每Whitney U test","No"
"HMDB0015126","C07356","Oxaprozin",0.800591248237368,0.120719744391525,0.590337263767958,"Mann每Whitney U test","No"
"HMDB0004704","C14828","9,10-Dihydroxy-12Z-octadecenoic acid",0.910050355673566,0.124263826663609,0.590337263767958,"Mann每Whitney U test","No"
"HMDB0000258","C00089","Sucrose",0.943783524469855,0.125367322144271,0.590337263767958,"Mann每Whitney U test","No"
"HMDB0000210","C00864","Pantothenic acid",1.0357694160778,0.125367322144271,0.590337263767958,"Mann每Whitney U test","No"
"HMDB0029377","C03882","Piperine",0.764646136426773,0.125367322144271,0.590337263767958,"Mann每Whitney U test","No"
NA,NA,"2-Dodecoxyethyl hydrogen sulfate",0.927109242171179,0.132881012950715,0.595563094188749,"Mann每Whitney U test","No"
"HMDB0000653","C18043","Cholesterol 3-sulfate",0.988712480356986,0.132881012950715,0.595563094188749,"Mann每Whitney U test","No"
"HMDB0002757","C00506","Cysteic Acid",1.09966167301438,0.132881012950715,0.595563094188749,"Mann每Whitney U test","No"
"HMDB0000528","C00337","Dihydroorotic acid",1.24386533969608,0.132881012950715,0.595563094188749,"Mann每Whitney U test","No"
"HMDB0014659","C01779","Albendazole",1.06506148314788,0.135344585859153,0.599383165947675,"Mann每Whitney U test","No"
"HMDB0000230","C19910","N-Acetylneuraminic acid",1.14192429126635,0.143214661319511,0.622446300229769,"Mann每Whitney U test","No"
"HMDB0061112",NA,"3-Carboxy-4-methyl-5-propyl-2-furanpropionic acid",1.0315927109903,0.147258020987847,0.622446300229769,"Mann每Whitney U test","No"
"HMDB0000812","C01042","N-Acetylaspartic acid",1.10731904232016,0.14891860408723,0.622446300229769,"Mann每Whitney U test","No"
"HMDB0000214","C00077","Ornithine",1.09476067906556,0.14891860408723,0.622446300229769,"Mann每Whitney U test","No"
"HMDB0001366","C15587","Purine",0.973202220243849,0.14891860408723,0.622446300229769,"Mann每Whitney U test","No"
"HMDB0000472","C00643","5-Hydroxytryptophan",1.03718372937512,0.151346675750247,0.625076623154983,"Mann每Whitney U test","No"
NA,"C18347","Benzylsuccinic acid",0.905247240071974,0.157457048083716,0.625076623154983,"Mann每Whitney U test","No"
NA,NA,"Methioninesulfoxide",1.02379330462081,0.157457048083716,0.625076623154983,"Mann每Whitney U test","No"
"HMDB0259220","C03584","Trihydroxycholestanoic acid",1.08820717412694,0.157457048083716,0.625076623154983,"Mann每Whitney U test","No"
"HMDB0013678",NA,"4-Hydroxyhippuric acid",0.936349278835365,0.159764098324761,0.625076623154983,"Mann每Whitney U test","No"
"HMDB0061881","C02129","4-Hydroxymandelonitrile",1.17154171398119,0.164243864776912,0.625076623154983,"Mann每Whitney U test","No"
"HMDB0001032","C04555","Dehydroepiandrosterone sulfate",0.937620624763432,0.164307927575588,0.625076623154983,"Mann每Whitney U test","No"
"HMDB0000448","C06104","Adipic acid",1.05372823920114,0.166351036807375,0.625076623154983,"Mann每Whitney U test","No"
"HMDB0010731",NA,"beta-Hydroxymyristic acid",1.09497769977133,0.166351036807375,0.625076623154983,"Mann每Whitney U test","No"
NA,NA,"Ketoisovaleric acid",1.11973105338198,0.166351036807375,0.625076623154983,"Mann每Whitney U test","No"
"HMDB0001842","C17349","Guanidine",1.01348411117921,0.172827227107886,0.642917284841337,"Mann每Whitney U test","No"
NA,NA,"D-erythro-N-stearoylsphingosine",1.07631683927001,0.17560719891483,0.646790871250661,"Mann每Whitney U test","No"
"HMDB0033585",NA,"6-Methyl-1,2,3-oxathiazin-4(3H)-one 2,2-dioxide",1.58045784199246,0.182737538808963,0.665201511402391,"Mann每Whitney U test","No"
"HMDB0000300","C00106","Uracil",1.02216937703496,0.185231524659234,0.665201511402391,"Mann每Whitney U test","No"
NA,"C06338","2-Ketogluconic acid",1.1097643188606,0.195229893716688,0.665201511402391,"Mann每Whitney U test","No"
"HMDB0001138","C00624","N-Acetylglutamic acid",1.14036233469735,0.195229893716688,0.665201511402391,"Mann每Whitney U test","No"
"HMDB0000512","C03519","N-Acetylphenylalanine",1.05759313655834,0.195229893716688,0.665201511402391,"Mann每Whitney U test","No"
"HMDB0000097","C00114","Choline cation",0.985011924059295,0.195229893716688,0.665201511402391,"Mann每Whitney U test","No"
"HMDB0000761","C03990","Lithocholic acid",0.963683936138521,0.195229893716688,0.665201511402391,"Mann每Whitney U test","No"
"HMDB0002586",NA,"Chenodeoxycholic acid 3-sulfate",0.547320816058501,0.196771751245423,0.665201511402391,"Mann每Whitney U test","No"
"HMDB0011741",NA,"gamma-Glutamyltyrosine",0.968496683647033,0.202800230093389,0.665201511402391,"Mann每Whitney U test","No"
"HMDB0000328",NA,"12-Ketodeoxycholic acid",0.957257922889143,0.205607481331798,0.665201511402391,"Mann每Whitney U test","No"
"HMDB0003312","C10208","Daidzein",1.05130714801182,0.205607481331798,0.665201511402391,"Mann每Whitney U test","No"
"HMDB0000195","C00294","Inosine",1.03022389503364,0.205607481331798,0.665201511402391,"Mann每Whitney U test","No"
"HMDB0001879","C01405","O-Acetylsalicylic acid",1.03494454940369,0.205607481331798,0.665201511402391,"Mann每Whitney U test","No"
"HMDB0240311","C06342","2,8-Quinolinediol",0.760532486790829,0.216369308816369,0.665201511402391,"Mann每Whitney U test","No"
"HMDB0000014","C00881","2-Deoxycytidine",1.03324442770759,0.216369308816369,0.665201511402391,"Mann每Whitney U test","No"
"HMDB0000375","C11457","3-(3-Hydroxyphenyl)propionic acid",0.962600777064783,0.216369308816369,0.665201511402391,"Mann每Whitney U test","No"
"HMDB0000133","C00387","Guanosine",1.0566447384336,0.216369308816369,0.665201511402391,"Mann每Whitney U test","No"
"HMDB0000162","C00148","Proline",1.0523709170968,0.216369308816369,0.665201511402391,"Mann每Whitney U test","No"
"HMDB0000167","C00188","Threonine",0.963028030458328,0.216369308816369,0.665201511402391,"Mann每Whitney U test","No"
NA,"D02851","Quinoline-2,8-diol",0.958811859470194,0.216369308816369,0.665201511402391,"Mann每Whitney U test","No"
"HMDB0002655","C10084","Isorhamnetin",0.876349857733057,0.224344320575378,0.682558880670301,"Mann每Whitney U test","No"
"HMDB0000528","C00337","Glucuronic acid B",1.102973513857,0.2275196268901,0.682558880670301,"Mann每Whitney U test","No"
"HMDB0000243","C00022","Pyruvic acid",1.04670541158646,0.2275196268901,0.682558880670301,"Mann每Whitney U test","No"
"HMDB0247933","C03248","Acetylenedicarboxylic acid",0.964129677995426,0.239062488321211,0.700246028783389,"Mann每Whitney U test","No"
"HMDB0251662","C13776","E-4031",1.03736253374329,0.239062488321211,0.700246028783389,"Mann每Whitney U test","No"
"HMDB0000132","C00242","Guanine",1.07543312367873,0.239062488321211,0.700246028783389,"Mann每Whitney U test","No"
"HMDB0060374","C05353","2-Amino-3-methoxybenzoic acid",1.07630130765785,0.247476652453328,0.70364576798035,"Mann每Whitney U test","No"
"HMDB0002368","C08323","Nervonic acid",1.08105294574347,0.247476652453328,0.70364576798035,"Mann每Whitney U test","No"
"HMDB0000161","C00041","Alanine",1.01727659229081,0.251001115754523,0.70364576798035,"Mann每Whitney U test","No"
"HMDB0000206","C02727","N-epsilon-Acetyllysine",1.00569332850207,0.251001115754523,0.70364576798035,"Mann每Whitney U test","No"
"HMDB0001889","C07130","Theophylline",0.908683055282923,0.251001115754523,0.70364576798035,"Mann每Whitney U test","No"
"HMDB0005010","C07246","Sertraline",1,0.252431240409919,0.70364576798035,"Mann每Whitney U test","No"
"HMDB0014444","C07417","Penciclovir",0.961987761505132,0.253463798143459,0.70364576798035,"Mann每Whitney U test","No"
NA,NA,"LPG 15:0",0.96548339667825,0.259576431507978,0.715277277933095,"Mann每Whitney U test","No"
"HMDB0000622",NA,"Ethylmalonic acid",1.01973192963594,0.26333849264901,0.716741099817527,"Mann每Whitney U test","No"
"HMDB0013713",NA,"N-Acetyltryptophan",0.939127357932072,0.265887827351663,0.716741099817527,"Mann每Whitney U test","No"
"HMDB0000299","C01762","Xanthosine",1.12723447141853,0.265887827351663,0.716741099817527,"Mann每Whitney U test","No"
NA,"C01987","2-Aminophenol",1.0277018149202,0.276076713869652,0.726952345512616,"Mann每Whitney U test","No"
"HMDB0000517","C00062","Arginine",1.0855943441214,0.276076713869652,0.726952345512616,"Mann每Whitney U test","No"
"HMDB0000619","C00695","Cholic Acid",0.931008939444771,0.276076713869652,0.726952345512616,"Mann每Whitney U test","No"
"HMDB0000237","C00163","Propionic acid",1.04320667821335,0.278673552393883,0.726952345512616,"Mann每Whitney U test","No"
"HMDB0000943","C01620","Threonic acid",1.08068757369101,0.285220799646418,0.726952345512616,"Mann每Whitney U test","No"
"HMDB0000752",NA,"3-Methylglutaric acid",1.02955128779334,0.2892175998276,0.726952345512616,"Mann每Whitney U test","No"
"HMDB0000623","C02678","Dodecanedioic acid",1.03445639007399,0.2892175998276,0.726952345512616,"Mann每Whitney U test","No"
"HMDB0014787","C07312","Stavudine",1.05197317303635,0.2892175998276,0.726952345512616,"Mann每Whitney U test","No"
"HMDB0000036","C05122","Taurocholic acid",0.942553879200198,0.2892175998276,0.726952345512616,"Mann每Whitney U test","No"
NA,NA,"1-Hexadecylpyridinium cation",0.86547879209507,0.2892175998276,0.726952345512616,"Mann每Whitney U test","No"
NA,NA,"(2-oxo-2,3-dihydro-1H-indol-3-yl)acetic acid",0.7872242932155,0.291871278470652,0.728698762356258,"Mann每Whitney U test","No"
"HMDB0015000","D08668","Vardenafil",1.02559714308801,0.298625168998496,0.733158262800032,"Mann每Whitney U test","No"
"HMDB0034367",NA,"gamma-Glutamylmethionine",1.03782276349101,0.302762028377349,0.733158262800032,"Mann每Whitney U test","No"
"HMDB0001314","C00942","LPE 14:0",0.984216608317471,0.302762028377349,0.733158262800032,"Mann每Whitney U test","No"
"HMDB0000303","C00398","Tryptamine",1.13396202209685,0.302762028377349,0.733158262800032,"Mann每Whitney U test","No"
"HMDB0000127","C00191","Lactose A",1.03893494335106,0.305458129723011,0.733158262800032,"Mann每Whitney U test","No"
NA,NA,"Guanosine-3,5-cyclic monophosphate",1.04296538507957,0.305482609500013,0.733158262800032,"Mann每Whitney U test","No"
"HMDB0141782","C02666","Ginkgolic acid I",0.937738190619463,0.312443695647509,0.745058043467138,"Mann每Whitney U test","No"
NA,NA,"Glu-Val-Phe",1.05102112156488,0.316710571761764,0.745672991742887,"Mann每Whitney U test","No"
NA,NA,"Roquefortine A",1.03821055528439,0.316710571761764,0.745672991742887,"Mann每Whitney U test","No"
"HMDB0031057",NA,"2-Hydroxypalmitic acid",1.04484448116694,0.31950847980513,0.747529273506341,"Mann每Whitney U test","No"
"HMDB0245045","C02497","1,4-Butynediol",1.02179781602657,0.326676970345117,0.752305829866284,"Mann每Whitney U test","No"
"HMDB0000870","C00388","Histamine",1.06337992826005,0.326676970345117,0.752305829866284,"Mann每Whitney U test","No"
NA,"C12271","Cellobiose B",1.02447771293799,0.331062812996644,0.752305829866284,"Mann每Whitney U test","No"
"HMDB0000767","C02067","Pseudouridine",1.0352288054262,0.331062812996644,0.752305829866284,"Mann每Whitney U test","No"
"HMDB0014649","D02486","Nitazoxanide",0.957316480575559,0.341251563371493,0.752305829866284,"Mann每Whitney U test","No"
"HMDB0002712","C07326","1,5-Anhydrosorbitol",0.985979046150773,0.341300443844707,0.752305829866284,"Mann每Whitney U test","No"
"HMDB0245045","C02497","1-Palmitoyl-2-hydroxy-sn-glycero-3-phospho-(1-rac-glycerol)",0.9617686761608,0.341324880194917,0.752305829866284,"Mann每Whitney U test","No"
"HMDB0000954","C01494","Ferulic acid",0.951815991724385,0.341324880194917,0.752305829866284,"Mann每Whitney U test","No"
"HMDB0035140","C06082","Abscisic acid",1.02096564771974,0.345818002438534,0.752305829866284,"Mann每Whitney U test","No"
"HMDB0000015","C05488","Cortodoxone",0.933087223428664,0.345818002438534,0.752305829866284,"Mann每Whitney U test","No"
"HMDB0001266","C08356","Sorbose",1.02352864996418,0.345818002438534,0.752305829866284,"Mann每Whitney U test","No"
"HMDB0000579",NA,"Deuteroporphyrin IX",0.971197356985201,0.345818002438534,0.752305829866284,"Mann每Whitney U test","No"
"HMDB0034170","C06202","2-Hydroxybenzaldehyde",1.06859264815953,0.356386588142735,0.758657979420375,"Mann每Whitney U test","No"
"HMDB0030819","C09263","6,7-Dihydroxycoumarin",0.929903360853475,0.356386588142735,0.758657979420375,"Mann每Whitney U test","No"
"HMDB0033896",NA,"Anacardic acid diene",0.971195411298565,0.356386588142735,0.758657979420375,"Mann每Whitney U test","No"
NA,"C13154","Dehydrocholic acid",0.927666013538756,0.360974361175823,0.758657979420375,"Mann每Whitney U test","No"
"HMDB0011171",NA,"gamma-Glutamylleucine",1.06508275816805,0.360974361175823,0.758657979420375,"Mann每Whitney U test","No"
"HMDB0000684","C00328","L-Kynurenine",1.00101318387346,0.360974361175823,0.758657979420375,"Mann每Whitney U test","No"
"HMDB0028829",NA,"Glu-Thr",1.05233409193773,0.364072152195677,0.760869891105571,"Mann每Whitney U test","No"
"HMDB0000422",NA,"2-Methylglutaric acid",1.02229548634361,0.376529759738485,0.761244949036502,"Mann每Whitney U test","No"
"HMDB0028925",NA,"Leu-Asp",1.04707804367102,0.376529759738485,0.761244949036502,"Mann每Whitney U test","No"
"HMDB0011745","C02712","N-Acetylmethionine",1.02648768933406,0.376529759738485,0.761244949036502,"Mann每Whitney U test","No"
NA,NA,"PE-Cer 23:3;2O/18:2;O",0.958124683785715,0.376529759738485,0.761244949036502,"Mann每Whitney U test","No"
"HMDB0301980","C01460","TAG 39:3",0.973473573159328,0.376529759738485,0.761244949036502,"Mann每Whitney U test","No"
"HMDB0029065",NA,"Thr-Leu",0.97026991798736,0.376529759738485,0.761244949036502,"Mann每Whitney U test","No"
"HMDB0000216","C00547","Norepinephrine",1.03694978404648,0.379727239386498,0.763559638117716,"Mann每Whitney U test","No"
"HMDB0246466","C06343","4-Pregnen-17.alpha., 20.alpha.-diol-3-one",0.984168653727792,0.387672247187218,0.772502295389974,"Mann每Whitney U test","No"
"HMDB0028691",NA,"Ala-Leu",1.04570171945608,0.392481004915874,0.772502295389974,"Mann每Whitney U test","No"
"HMDB0000568","C01904","Arabitol",1.02412878982003,0.392481004915874,0.772502295389974,"Mann每Whitney U test","No"
"HMDB0000172","C00407","L-Isoleucine",1.00395186930298,0.392481004915874,0.772502295389974,"Mann每Whitney U test","No"
"HMDB0060374","C05831","2-Aminonicotinic acid",1.02191908997229,0.408824540210635,0.792097546658105,"Mann每Whitney U test","No"
"HMDB0000034","C00147","Adenine",1.06140044780093,0.408824540210635,0.792097546658105,"Mann每Whitney U test","No"
"HMDB0000187","C00716","Serine",1.01744519970312,0.408824540210635,0.792097546658105,"Mann每Whitney U test","No"
"HMDB0003306","C00774","Phloretin",0.974358799306639,0.420728331867777,0.795511199998674,"Mann每Whitney U test","No"
"HMDB0000479","C01152","3-Methylhistidine",1.07640556801387,0.425555722579936,0.795511199998674,"Mann每Whitney U test","No"
"HMDB0011653","C04518","5-(Acetylamino)-2-hydroxybenzoic acid",1.03737905724812,0.425555722579936,0.795511199998674,"Mann每Whitney U test","No"
"HMDB0030564","C10275","Piceid",0.982138202616952,0.425555722579936,0.795511199998674,"Mann每Whitney U test","No"
"HMDB0029052",NA,"Ser-Val",0.970156893375531,0.425555722579936,0.795511199998674,"Mann每Whitney U test","No"
NA,"C11166","Quinolin-2-ol",1.36389109855203,0.425555722579936,0.795511199998674,"Mann每Whitney U test","No"
"HMDB0003236","C06543","Solanidine",1.02964307266328,0.425555722579936,0.795511199998674,"Mann每Whitney U test","No"
"HMDB0000782",NA,"Octadecanedioic acid",1.0204037989976,0.429224691943827,0.795757203199597,"Mann每Whitney U test","No"
"HMDB0060540",NA,"Norverapamil",1.02182889590274,0.43772717015255,0.795757203199597,"Mann每Whitney U test","No"
NA,"C06473","3-(1-Pyrazolyl)-alanine",1.05880871984306,0.437773563886207,0.795757203199597,"Mann每Whitney U test","No"
"HMDB0000172","C00407","Isoleucine",1.00011694264003,0.442669541186297,0.795757203199597,"Mann每Whitney U test","No"
"HMDB0002107","C01606","Phthalic acid",1.066554171573,0.442669541186297,0.795757203199597,"Mann每Whitney U test","No"
"HMDB0001248","C00016","Flavin adenine dinucleotide",1.01983447574277,0.44644434531281,0.795757203199597,"Mann每Whitney U test","No"
"HMDB0141782","C02666","Coniferylaldehyde",1.0499670274426,0.455281421478334,0.795757203199597,"Mann每Whitney U test","No"
"HMDB0000017","C00847","4-Pyridoxic acid",0.995762419260412,0.460159882073463,0.795757203199597,"Mann每Whitney U test","No"
"HMDB0028690",NA,"Ala-Ile",1.04181805438579,0.460159882073463,0.795757203199597,"Mann每Whitney U test","No"
"HMDB0005801","C05903","Kaempferol",0.987235354308859,0.460159882073463,0.795757203199597,"Mann每Whitney U test","No"
"HMDB0003254","C06470","Muramic acid",1.04088647765771,0.460159882073463,0.795757203199597,"Mann每Whitney U test","No"
"HMDB0000215","C00140","N-Acetyl-D-glucosamine",1.01840478636972,0.460159882073463,0.795757203199597,"Mann每Whitney U test","No"
"HMDB0002039","C11118","Pizotifen",1.01541522123775,0.460159882073463,0.795757203199597,"Mann每Whitney U test","No"
NA,"C11166","Sodium lauryl sulfate",0.988404524707331,0.460159882073463,0.795757203199597,"Mann每Whitney U test","No"
"HMDB0029140",NA,"Val-Val",0.959116096169016,0.460159882073463,0.795757203199597,"Mann每Whitney U test","No"
"HMDB0259858","C01460","Vitexin",0.979773033198784,0.464101230040043,0.795757203199597,"Mann每Whitney U test","No"
"HMDB0011621",NA,"N-Cinnamoylglycine",1.03071370414059,0.464191701866432,0.795757203199597,"Mann每Whitney U test","No"
NA,NA,"N-Methylserine",1.03639665773077,0.464191701866432,0.795757203199597,"Mann每Whitney U test","No"
"HMDB0000089","C00475","Cytidine",1.12523711382602,0.478020268661401,0.804631402452675,"Mann每Whitney U test","No"
"HMDB0000883","C00183","Valine",1.00341738271426,0.478020268661401,0.804631402452675,"Mann每Whitney U test","No"
"HMDB0000071","C05512","2-Deoxyinosine",1.02104352891874,0.478020268661401,0.804631402452675,"Mann每Whitney U test","No"
"HMDB0000929","C00078","Tryptophan",1.01260821035321,0.478020268661401,0.804631402452675,"Mann每Whitney U test","No"
"HMDB0028700",NA,"Ala-Val",1.02392132124284,0.496243114224222,0.816824949077037,"Mann每Whitney U test","No"
"HMDB0000704","C03975","Isoxanthopterin",1.00391125840104,0.496243114224222,0.816824949077037,"Mann每Whitney U test","No"
"HMDB0000215","C00140","N-Acetylglucosamine",1.01900229943306,0.496243114224222,0.816824949077037,"Mann每Whitney U test","No"
"HMDB0240226","D07402","N-Formylmethionine",1.0054093185779,0.496243114224222,0.816824949077037,"Mann每Whitney U test","No"
"HMDB0000678",NA,"N-Isovalerylglycine",1.09530996175063,0.496243114224222,0.816824949077037,"Mann每Whitney U test","No"
"HMDB0032985","C04294","4-Methyl-5-thiazoleethanol",0.994541956254799,0.500689585592857,0.816914587019924,"Mann每Whitney U test","No"
"HMDB0003633","C02442","N-Methyltyramine",0.86418740549149,0.500689585592857,0.816914587019924,"Mann每Whitney U test","No"
"HMDB0000500","C00156","4-Hydroxybenzoic acid",1.02039490351985,0.514820482936071,0.821945148721967,"Mann每Whitney U test","No"
"HMDB0032055","C02997","N-Acetylhistidine",0.991327616421494,0.514820482936071,0.821945148721967,"Mann每Whitney U test","No"
"HMDB0000730",NA,"N-Isobutyrylglycine",0.990064589424439,0.514820482936071,0.821945148721967,"Mann每Whitney U test","No"
NA,"C04335","PG O-18:2_11:0",0.944359365291239,0.514820482936071,0.821945148721967,"Mann每Whitney U test","No"
"HMDB0032609","C03005","Ribose A",1.02134509772686,0.514820482936071,0.821945148721967,"Mann每Whitney U test","No"
"HMDB0000982",NA,"5-Methylcytidine",1.0562293263194,0.519493312531415,0.825861163511481,"Mann每Whitney U test","No"
"HMDB0000939","C00021","S-Adenosyl-homocysteine",0.944890743333254,0.52903001215312,0.830763681389018,"Mann每Whitney U test","No"
"HMDB0000740","C07064","Lactulose",0.988658411249275,0.533743332935418,0.830763681389018,"Mann每Whitney U test","No"
"HMDB0002005","C02989","N-Methylvaline",0.986314862458828,0.533743332935418,0.830763681389018,"Mann每Whitney U test","No"
"HMDB0000251","C00245","Taurine",1.02361890283741,0.533743332935418,0.830763681389018,"Mann每Whitney U test","No"
NA,NA,"3-(Hydroxymethyl)-6,7-dimethylquinolin-2-ol",0.938494176576649,0.533743332935418,0.830763681389018,"Mann每Whitney U test","No"
NA,NA,"1-(Benzo[d[1,3dioxol-4-yl)-2-(ethylamino)propan-1-one",1.05418381697331,0.538654999137087,0.833884656066159,"Mann每Whitney U test","No"
"HMDB0000152","C00628","Gentisinic acid",1.01055342203206,0.553002294076828,0.833884656066159,"Mann每Whitney U test","No"
"HMDB0000719","C00263","Homoserine",1.01798696189244,0.553002294076828,0.833884656066159,"Mann每Whitney U test","No"
"HMDB0000157","C00262","Hypoxanthine",0.997070504662609,0.553002294076828,0.833884656066159,"Mann每Whitney U test","No"
"HMDB0014608","C07062","Toradol",0.957591389504815,0.553002294076828,0.833884656066159,"Mann每Whitney U test","No"
"HMDB0011503",NA,"1-palmitoyl-2-hydroxy-sn-glycero-3-phosphoethanolamine",1.01194172974848,0.553002294076828,0.833884656066159,"Mann每Whitney U test","No"
"HMDB0005038","C07572","Citalopram",0.84308564242804,0.553002294076828,0.833884656066159,"Mann每Whitney U test","No"
"HMDB0000397","C00196","3-(Hydroxymethyl)phenol",0.974373268200308,0.558144806825551,0.833884656066159,"Mann每Whitney U test","No"
"HMDB0000562","C00791","Creatinine",1.0651059427589,0.558144806825551,0.833884656066159,"Mann每Whitney U test","No"
"HMDB0001336","C01161","3,4-Dihydroxyphenylacetic acid",0.971695435269681,0.558164729463639,0.833884656066159,"Mann每Whitney U test","No"
NA,NA,"Ethyl-beta-glucuronide",1.00170008721787,0.568046798119407,0.834867205289966,"Mann每Whitney U test","No"
NA,"C18956","Promecarb",1.0281693043525,0.568046798119407,0.834867205289966,"Mann每Whitney U test","No"
"HMDB0000646","C02479","Arabinose",1.02468628742905,0.572586903835591,0.834867205289966,"Mann每Whitney U test","No"
"HMDB0003072","C00296","Quinic acid",0.973289886865049,0.572586903835591,0.834867205289966,"Mann每Whitney U test","No"
"HMDB0029117",NA,"Tyr-Tyr",1.03095841861314,0.572586903835591,0.834867205289966,"Mann每Whitney U test","No"
"HMDB0039353","C10796","alpha-Chaconine",1.14056209332087,0.57783850121029,0.834867205289966,"Mann每Whitney U test","No"
NA,NA,"N-Methyltyrosine",0.960507892673798,0.577915551630876,0.834867205289966,"Mann每Whitney U test","No"
"HMDB0001227","C00364","Thymidine-5-monophosphate",1.0631820101218,0.587963817446015,0.834867205289966,"Mann每Whitney U test","No"
"HMDB0247617","C19418","Carboxyibuprofen",1.05386663766639,0.588058294864806,0.834867205289966,"Mann每Whitney U test","No"
"HMDB0012308","C00755","Vanillin",0.953732108523914,0.588058294864806,0.834867205289966,"Mann每Whitney U test","No"
NA,"C08431","Ginkgolic acid II",0.99053140598868,0.592486403754169,0.834867205289966,"Mann每Whitney U test","No"
NA,NA,"Gly-Tyr-Ala",0.985838880214585,0.592486403754169,0.834867205289966,"Mann每Whitney U test","No"
"HMDB0028910",NA,"Ile-Ile",1.0048719374102,0.592486403754169,0.834867205289966,"Mann每Whitney U test","No"
"HMDB0029519","C09762","Liquiritigenin",1.01371404099078,0.592486403754169,0.834867205289966,"Mann每Whitney U test","No"
"HMDB0001020","C02846","N,N-Dimethylaniline",0.966647725472855,0.592486403754169,0.834867205289966,"Mann每Whitney U test","No"
"HMDB0000239","C00314","Pyridoxine",0.997092377839542,0.612688965402851,0.8600765853957,"Mann每Whitney U test","No"
NA,"D02851","Tomelukast",0.974736407370917,0.618671380480755,0.862798136861748,"Mann每Whitney U test","No"
"HMDB0000138","C01921","Glycocholic acid",0.964648522138686,0.63318250366467,0.862798136861748,"Mann每Whitney U test","No"
"HMDB0033897","C10794","Histamine-trifluoromethyltoluide",0.948802464851457,0.63318250366467,0.862798136861748,"Mann每Whitney U test","No"
NA,"D07202","LPE 18:1",1.0065540528922,0.63318250366467,0.862798136861748,"Mann每Whitney U test","No"
"HMDB0000159","C00079","Phenylalanine",0.996329848539257,0.63318250366467,0.862798136861748,"Mann每Whitney U test","No"
"HMDB0014359","D00382","Torasemide",0.965323305720604,0.63318250366467,0.862798136861748,"Mann每Whitney U test","No"
"HMDB0000158","C00082","Tyrosine",1.00119751623135,0.63318250366467,0.862798136861748,"Mann每Whitney U test","No"
"HMDB0037138","C00897","Maltose",0.832533055366893,0.63318250366467,0.862798136861748,"Mann每Whitney U test","No"
"HMDB0028853",NA,"Gly-Tyr",1.00576222639454,0.649960906018632,0.87823411562215,"Mann每Whitney U test","No"
"HMDB0059710",NA,"2-Hydroxynicotinic acid",1.02555092449294,0.653953897922945,0.87823411562215,"Mann每Whitney U test","No"
"HMDB0000484","C06672","Vanillic acid",1.03221683055082,0.653953897922945,0.87823411562215,"Mann每Whitney U test","No"
"HMDB0028713",NA,"Arg-Leu",1.02382549336664,0.653953897922945,0.87823411562215,"Mann每Whitney U test","No"
"HMDB0000668",NA,"Hematoporphyrin",1.03768855127163,0.670308422543147,0.884141594773165,"Mann每Whitney U test","No"
"HMDB0011103","C16356","1,7-Dimethyluric acid",0.974102713790593,0.674989819665534,0.884141594773165,"Mann每Whitney U test","No"
"HMDB0000182","C00047","Lysine",1.02497505252695,0.674989819665534,0.884141594773165,"Mann每Whitney U test","No"
"HMDB0015215","D04028","Orlistat",0.992896408112566,0.674989819665534,0.884141594773165,"Mann每Whitney U test","No"
"HMDB0001015","C03145","Phenyl-beta-glucopyranoside",1.01018137147411,0.674989819665534,0.884141594773165,"Mann每Whitney U test","No"
"HMDB0010384","C04230","1-Stearoyl-2-hydroxy-sn-glycero-3-phosphocholine",0.972817171984161,0.674989819665534,0.884141594773165,"Mann每Whitney U test","No"
"HMDB0034731","C10826","Tomatidine",0.998003089709749,0.674989819665534,0.884141594773165,"Mann每Whitney U test","No"
"HMDB0002302",NA,"3-Indolepropionic acid",0.969674952352514,0.681880204012111,0.890033108394756,"Mann每Whitney U test","No"
"HMDB0002404",NA,"alpha-Hydroxyhippuric acid",1.01828136879156,0.692607064423794,0.890084715129647,"Mann每Whitney U test","No"
"HMDB0244967","C02778","Otenzepad",1.00163260516038,0.692607064423794,0.890084715129647,"Mann每Whitney U test","No"
"HMDB0001921","C07151","Metformin",0.983236688341843,0.692607064423794,0.890084715129647,"Mann每Whitney U test","No"
"HMDB0006101","C18165","Enterolactone",0.948091137691675,0.696275946512708,0.890084715129647,"Mann每Whitney U test","No"
"HMDB0000202","C02170","Methylmalonic acid",1.0051552625673,0.696275946512708,0.890084715129647,"Mann每Whitney U test","No"
"HMDB0001488","C00253","Nicotinic acid",1.0015652083843,0.696275946512708,0.890084715129647,"Mann每Whitney U test","No"
NA,"C01162","3-[3-Tert-butylsulfanyl-1-[(4-chlorophenyl)methyl-5-propan-2-ylindol-2-yl-2,2-dimethylpropanoic acid",1.04959705856466,0.703456425364873,0.896184213136071,"Mann每Whitney U test","No"
"HMDB0250451","C08431","Cordycepin",1.03267688256276,0.714337741659724,0.902097241672057,"Mann每Whitney U test","No"
"HMDB0031404","C00571","Cyclohexylamine",1.0340420142834,0.717797805201422,0.902097241672057,"Mann每Whitney U test","No"
"HMDB0000159","C00079","L-Phenylalanine",1.0026143840312,0.717797805201422,0.902097241672057,"Mann每Whitney U test","No"
"HMDB0240311","C06342","O-Benzyl-L-serine",0.946820398272526,0.717797805201422,0.902097241672057,"Mann每Whitney U test","No"
"HMDB0032702","C14752","Zeranol",0.989651880447313,0.736341129424748,0.913982966026136,"Mann每Whitney U test","No"
"HMDB0000706",NA,"Asp-Phe",1.0090468800978,0.739539980574911,0.913982966026136,"Mann每Whitney U test","No"
"HMDB0000118","C05582","Homovanillic acid",0.975019965926233,0.739539980574911,0.913982966026136,"Mann每Whitney U test","No"
"HMDB0001262","C01835","Maltotriose",1.0271220647509,0.739539980574911,0.913982966026136,"Mann每Whitney U test","No"
"HMDB0006344","C04148","Phenylacetylglutamine",1.03866133011086,0.739539980574911,0.913982966026136,"Mann每Whitney U test","No"
NA,NA,"Phlorobenzophenone",0.977563768923999,0.74740472293227,0.920644228247696,"Mann每Whitney U test","No"
NA,"C07966","Cerivastatin",0.982908544111822,0.758473220321018,0.925729258576949,"Mann每Whitney U test","No"
"HMDB0000669","C05852","2-Hydroxyphenylacetic acid",1.01712054632231,0.758520600883963,0.925729258576949,"Mann每Whitney U test","No"
"HMDB0000273","C00214","Thymidine",1.0003192710608,0.761486970764909,0.925729258576949,"Mann每Whitney U test","No"
"HMDB0001488","C00253","Nicotinate",0.986502253041135,0.761486970764909,0.925729258576949,"Mann每Whitney U test","No"
"HMDB0029586",NA,"n-Octadecylamine",0.957461161780108,0.780889787638204,0.94034687064438,"Mann每Whitney U test","No"
"HMDB0000634","C02226","Citraconic acid",1.029089329066,0.78362239220365,0.94034687064438,"Mann每Whitney U test","No"
NA,NA,"4-Hydroxyquinoline-2-carbaldehyde",0.989991536455737,0.78362239220365,0.94034687064438,"Mann每Whitney U test","No"
NA,NA,"Quinoline-2,6-diol",1.01994348207303,0.78362239220365,0.94034687064438,"Mann每Whitney U test","No"
"HMDB0248946","D01594","[(1-Benzyl-1H-indazol-3-yl)oxyacetic acid",0.988922548394357,0.805929844750068,0.948752855212105,"Mann每Whitney U test","No"
"HMDB0029134",NA,"Valylphenylalanine",1.01228925222108,0.805929844750068,0.948752855212105,"Mann每Whitney U test","No"
"HMDB0000098","C00181","Xylose",1.00707795147965,0.805929844750068,0.948752855212105,"Mann每Whitney U test","No"
NA,NA,"Eutylone",0.983378740503788,0.805929844750068,0.948752855212105,"Mann每Whitney U test","No"
"HMDB0028844",NA,"Gly-Ile",1.02231343683861,0.805929844750068,0.948752855212105,"Mann每Whitney U test","No"
"HMDB0000883","C00183","L-Valine",0.994433681689863,0.805929844750068,0.948752855212105,"Mann每Whitney U test","No"
"HMDB0001913","C07324","Omeprazole",0.988183996762901,0.814780463758636,0.956146159363447,"Mann每Whitney U test","No"
"HMDB0001870","C00539","Benzoic acid",1.03283091450176,0.828392114182655,0.966024659799209,"Mann每Whitney U test","No"
NA,"C06338","N-Methyl-2-pyrrolidone",1.04211859347752,0.828392114182655,0.966024659799209,"Mann每Whitney U test","No"
NA,NA,"N-Methylisoleucine",1.04182521074626,0.837603563419016,0.973714142474606,"Mann每Whitney U test","No"
"HMDB0000033","C00386","Carnosine",1.00580311895921,0.850992047667404,0.977064943618131,"Mann每Whitney U test","No"
"HMDB0028854",NA,"Gly-Val",1.00608930791698,0.850992047667404,0.977064943618131,"Mann每Whitney U test","No"
"HMDB0000696","C00073","Methionine",0.984296677674099,0.850992047667404,0.977064943618131,"Mann每Whitney U test","No"
"HMDB0000306","C00483","Tyramine",1.02359695471284,0.850992047667404,0.977064943618131,"Mann每Whitney U test","No"
NA,NA,"Isomaltose A",0.970476115979995,0.872049201891024,0.978036515520545,"Mann每Whitney U test","No"
NA,NA,"1-Methylpseudouridine",0.96472981910207,0.872055623456549,0.978036515520545,"Mann每Whitney U test","No"
"HMDB0002379",NA,"Mesoporphyrin IX",1.00025921898963,0.873711751079793,0.978036515520545,"Mann每Whitney U test","No"
NA,"C03584","Willardiine",1.00629454001528,0.883599911849471,0.978036515520545,"Mann每Whitney U test","No"
"HMDB0000019","C00141","N-2-Fluorenylacetamide",0.965831492884495,0.883611611085855,0.978036515520545,"Mann每Whitney U test","No"
"HMDB0000127","C00191","Levocetirizine",1.03173981231582,0.895147860505277,0.978036515520545,"Mann每Whitney U test","No"
"HMDB0014723","C07270","Nizatidine",0.966665330277525,0.895174247398852,0.978036515520545,"Mann每Whitney U test","No"
NA,NA,"Ethylhexadecyldimethylammonium cation",1.09562793388174,0.895179522387429,0.978036515520545,"Mann每Whitney U test","No"
NA,NA,"2-[4-(Acetylamino)phenyl-4-quinolinecarboxylic acid",1.0126759702432,0.896533472560499,0.978036515520545,"Mann每Whitney U test","No"
NA,NA,"3-Deoxyuridine",0.965373642108569,0.896533472560499,0.978036515520545,"Mann每Whitney U test","No"
"HMDB0000055","C06422","FAHFA 36:2",1.03359240853581,0.896533472560499,0.978036515520545,"Mann每Whitney U test","No"
"HMDB0000641","C00064","Glutamine",1.02651808248951,0.896533472560499,0.978036515520545,"Mann每Whitney U test","No"
"HMDB0000715","C01717","Kynurenic acid",1.00021795904358,0.896533472560499,0.978036515520545,"Mann每Whitney U test","No"
"HMDB0029224",NA,"N-Methylphenylalanine",1.05457801601946,0.896533472560499,0.978036515520545,"Mann每Whitney U test","No"
"HMDB0000207","C00712","Oleic acid",0.996619375487859,0.896533472560499,0.978036515520545,"Mann每Whitney U test","No"
"HMDB0001895","C00805","Salicylic acid",0.997613891137613,0.896533472560499,0.978036515520545,"Mann每Whitney U test","No"
NA,NA,"Benzyldimethyltetradecylammonium cation",0.998595485601609,0.896533472560499,0.978036515520545,"Mann每Whitney U test","No"
"HMDB0000619","C00695","Cholic acid",1.04332507481624,0.918379898546681,0.99650892250062,"Mann每Whitney U test","No"
"HMDB0003217","C06563","8-(3-Octyl-2-oxiranyl)octanoic acid",0.979020198432749,0.930007460190919,0.99650892250062,"Mann每Whitney U test","No"
"HMDB0005017","C11806","Pantoprazole",0.954645274747268,0.941629335714114,0.99650892250062,"Mann每Whitney U test","No"
"HMDB0013230",NA,"Epitestosterone sulfate",1.01445925552932,0.941641136514777,0.99650892250062,"Mann每Whitney U test","No"
"HMDB0003459","C00993","Ala-Ala",1.01311453557798,0.942409545770005,0.99650892250062,"Mann每Whitney U test","No"
NA,NA,"LPI 16:0",1.03542562632716,0.942409545770005,0.99650892250062,"Mann每Whitney U test","No"
"HMDB0011756","C02710","N-Acetylleucine",1.00063219787566,0.942409545770005,0.99650892250062,"Mann每Whitney U test","No"
"HMDB0002085","C10833","Syringic acid",0.944253987113543,0.942409545770005,0.99650892250062,"Mann每Whitney U test","No"
"HMDB0256623","D05523","Lidocaine-N-Oxide",1.00809205092244,0.942409545770005,0.99650892250062,"Mann每Whitney U test","No"
"HMDB0001431","C00534","Pyridoxamine",1.01183460565735,0.953304986505611,0.99650892250062,"Mann每Whitney U test","No"
"HMDB0000631","C05464","Glycodeoxycholic acid",0.983706618609015,0.964954028489372,0.99650892250062,"Mann每Whitney U test","No"
"HMDB0014878","C07937","Riluzole",0.94690887465613,0.964966441545554,0.99650892250062,"Mann每Whitney U test","No"
"HMDB0000176","C01384","Maleic acid",1.03607213494597,0.964969985711099,0.99650892250062,"Mann每Whitney U test","No"
"HMDB0029683","C10759","(15:3)-Anacardic acid",0.923357095402733,0.965426948986253,0.99650892250062,"Mann每Whitney U test","No"
"HMDB0000440","C05593","3-Hydroxyphenylacetic acid",0.990788335248899,0.965426948986253,0.99650892250062,"Mann每Whitney U test","No"
NA,NA,"4,5,7-Trihydroxyisoflavone",0.989139967346292,0.965426948986253,0.99650892250062,"Mann每Whitney U test","No"
"HMDB0000904","C00327","Citrulline",0.986888378262189,0.965426948986253,0.99650892250062,"Mann每Whitney U test","No"
"HMDB0000130","C00544","Homogentisic acid",1.00979802831559,0.965426948986253,0.99650892250062,"Mann每Whitney U test","No"
"HMDB0029519","C09762","N-Methylanthranilic acid",0.984752781151608,0.9766413049491,0.99650892250062,"Mann每Whitney U test","No"
"HMDB0000168","C00152","Asparagine",1.00211510000234,0.976642486881079,0.99650892250062,"Mann每Whitney U test","No"
"HMDB0002123","C16361","1,3,7-Trimethyluric acid",0.942275139629305,0.987974843285848,0.99650892250062,"Mann每Whitney U test","No"
"HMDB0000555",NA,"3-Methyladipic acid",1.00669914332186,0.988472560222389,0.99650892250062,"Mann每Whitney U test","No"
"HMDB0001856","C00230","3,4-Dihydroxybenzoic acid",0.997333138012358,0.988472560222389,0.99650892250062,"Mann每Whitney U test","No"
"HMDB0000700","C01013","3-Hydroxypropanoic acid",0.999610471796956,0.988472560222389,0.99650892250062,"Mann每Whitney U test","No"
"HMDB0059712","C03351","3-Isochromanone",1.02682000446323,0.988472560222389,0.99650892250062,"Mann每Whitney U test","No"
"HMDB0014389","C07138","5-Aminosalicylic acid",0.976475088330463,0.988472560222389,0.99650892250062,"Mann每Whitney U test","No"
"HMDB0031233",NA,"Ethyl sulfate",0.917427550974101,0.988472560222389,0.99650892250062,"Mann每Whitney U test","No"
"HMDB0000158","C00082","L-Tyrosine",0.993801126132017,0.988472560222389,0.99650892250062,"Mann每Whitney U test","No"
"HMDB0000012","C00526","2-Deoxyuridine",1.00741323364873,1,1,"Mann每Whitney U test","No"
NA,NA,"Arachidonyl dopamine",0.985170096280216,1,1,"Mann每Whitney U test","No"
"HMDB0000095","C00055","Cytidine-5-monophosphate",1.02192977640269,1,1,"Mann每Whitney U test","No"
